{
    "manufacturer": "SideraKB",
    "url": "https://github.com/siderakb/pmw3360-pcb",
    "maintainer": "ZiTe",
    "keyboard_name": "PMW3360-ProMicro",
    "processor": "atmega32u4",
    "bootloader": "caterina",
    "features": {
        "bootmagic": true,
        "command": false,
        "console": false,
        "extrakey": true,
        "mousekey": true,
        "nkro": false
    },
    "usb": {
        "vid": "0x5A69",
        "pid": "0x3361",
        "device_version": "1.0.0"
    },
    "matrix_pins": {
        "cols": ["B4"],
        "rows": ["B5"]
    },
    "diode_direction": "COL2ROW",
    "layouts": {
        "LAYOUT": {
            "layout": [
                { "matrix": [0, 0], "x": 0, "y": 0 }
            ]
        }
    }
}